<?xml version="1.0"?>
<userprofile>
  <items/>
  <bags/>
  <queries>
  </queries>
<template-queries>
<template name="Organism_Protein" title="Organism --&gt; All proteins." longDescription="Show all the proteins from a particular organism." comment="">
  <query name="Organism_Protein" model="genomic" view="Protein.primaryIdentifier Protein.primaryAccession" longDescription="Show all the proteins from a particular organism." sortOrder="Protein.primaryIdentifier asc">
    <constraint path="Protein.organism.name" editable="true" description="Show all the proteins from the organism:" op="=" value="Chlamydomona Reinhardtii"/>
  </query>
</template>
<template name="Gene_Protein" title="Gene --&gt; Proteins." longDescription="Show the proteins for a particular gene." comment="">
  <query name="Gene_Protein" model="genomic" view="Gene.primaryIdentifier Gene.symbol Gene.proteins.primaryIdentifier Gene.proteins.primaryAccession" longDescription="Show the proteins for a particular gene." sortOrder="Gene.primaryIdentifier asc">
    <pathDescription pathString="Gene.proteins" description="Protein"/>
    <constraint path="Gene" editable="true" op="LOOKUP" value="ABRA"/>
  </query>
</template>
<template name="All_Proteins_In_Organism_To_Publications" title="All proteins in organism --&gt; Publications." longDescription="Show the publications for each gene in one organism. References are loaded from FlyBase for all Drosophila species, and from NCBI for D. melanogaster, C. elegans and S. cerevisiae." comment="">
  <query name="All_Proteins_In_Organism_To_Publications" model="genomic" view="Protein.primaryIdentifier Protein.primaryAccession Protein.organism.name Protein.publications.firstAuthor Protein.publications.title Protein.publications.year Protein.publications.journal Protein.publications.volume Protein.publications.pages Protein.publications.pubMedId" sortOrder="Protein.primaryIdentifier asc">
    <constraint path="Protein.organism.name" editable="true" description="Organism.name" op="=" value="Plasmodium falciparum 3D7"/>
  </query>
</template>
</template-queries>
<tags>
  <tag name="im:public" objectIdentifier="Gene_Protein" type="template">
  </tag>
  <tag name="im:public" objectIdentifier="Organism_Protein" type="template">
  </tag>
  <tag name="im:public" objectIdentifier="All_Proteins_In_Organism_To_Publications" type="template">
  </tag>
    <tag name="im:frontpage" objectIdentifier="Gene_Protein" type="template">
  </tag>
  <tag name="im:frontpage" objectIdentifier="Organism_Protein" type="template">
  </tag>
  <tag name="im:frontpage" objectIdentifier="All_Proteins_In_Organism_To_Publications" type="template">
  </tag>
  <tag name="im:public" objectIdentifier="GOtermidentifier_name" type="template">
  </tag>
  <tag name="im:public" objectIdentifier="Gene_GO" type="template">
  </tag>
  <tag name="im:public" objectIdentifier="Gene_Identifiers" type="template">
  </tag>
  <tag name="im:public" objectIdentifier="Gene_allGOTerms" type="template">
  </tag>
  <tag name="im:public" objectIdentifier="Gene_particularGoannotation" type="template">
  </tag>
  <tag name="im:public" objectIdentifier="Organism_GoTerm_Gene" type="template">
  </tag>
  <tag name="im:public" objectIdentifier="Organism_GoTerm_GeneWithannotation" type="template">
  </tag>
  <tag name="im:public" objectIdentifier="Protein_GOterms" type="template">
  </tag>
  <tag name="im:public" objectIdentifier="Protein_GOtermsSpecificOntology" type="template">
  </tag>
  <tag name="im:frontpage" objectIdentifier="Protein_GOterms" type="template">
  </tag>
  <tag name="im:frontpage" objectIdentifier="Gene_allGOTerms" type="template">
  </tag>
  <tag name="im:frontpage" objectIdentifier="Organism_GoTerm_GeneWithannotation" type="template">
  </tag>
  <tag name="im:frontpage" objectIdentifier="Gene_GO" type="template">
  </tag>
  <tag name="im:aspect:Genomics" objectIdentifier="Gene_Protein" type="template">
  </tag>
  <tag name="im:aspect:Genomics" objectIdentifier="GO_name_Gene" type="template">
  </tag>
  <tag name="im:aspect:Genomics" objectIdentifier="Organism_GoTerm_Gene" type="template">
  </tag>
  <tag name="im:aspect:Genomics" objectIdentifier="Gene_particularGoannotation" type="template">
  </tag>
  <tag name="im:aspect:Genomics" objectIdentifier="Gene_allGOTerms" type="template">
  </tag>
  <tag name="im:aspect:Genomics" objectIdentifier="Gene_GO" type="template">
  </tag>
  <tag name="im:aspect:Genomics" objectIdentifier="LocatedSequenceFeature.overlappingFeatures" type="collection">
  </tag>
  <tag name="im:aspect:Genomics" objectIdentifier="Chromosome.genes" type="collection">
  </tag>
  <tag name="im:aspect:Genomics" objectIdentifier="LocatedSequenceFeature.chromosome" type="reference">
  </tag>
  <tag name="im:aspect:Genomics" objectIdentifier="org.intermine.model.bio.Transcript" type="class">
  </tag>
  <tag name="im:aspect:Genomics" objectIdentifier="Gene.transcripts" type="collection">
  </tag>
  <tag name="im:aspect:Genomics" objectIdentifier="Gene.UTRs" type="collection">
  </tag>
  <tag name="im:aspect:Genomics" objectIdentifier="LocatedSequenceFeature.chromosomeLocation" type="reference">
  </tag>
  <tag name="im:aspect:Genomics" objectIdentifier="Chromosome.transcripts" type="collection">
  </tag>
  <tag name="im:aspect:Genomics" objectIdentifier="org.intermine.model.bio.GOTerm" type="class">
  </tag>
  <tag name="im:aspect:Genomics" objectIdentifier="org.intermine.model.bio.Gene" type="class">
  </tag>
  <tag name="im:aspect:Genomics" objectIdentifier="org.intermine.model.bio.NcRNA" type="class">
  </tag>
  <tag name="im:aspect:Genomics" objectIdentifier="LocatedSequenceFeature.sequence" type="reference">
  </tag>
  <tag name="im:aspect:Genomics" objectIdentifier="CDS.MRNA" type="reference">
  </tag>
  <tag name="im:aspect:Genomics" objectIdentifier="org.intermine.model.bio.UTR" type="class">
  </tag>
  <tag name="im:aspect:Genomics" objectIdentifier="Transcript.gene" type="reference">
  </tag>
  <tag name="im:aspect:Genomics" objectIdentifier="org.intermine.model.bio.ChromosomeBand" type="class">
  </tag>
  <tag name="im:aspect:Genomics" objectIdentifier="Protein.genes" type="collection">
  </tag>
  <tag name="im:aspect:Genomics" objectIdentifier="org.intermine.model.bio.Chromosome" type="class">
  </tag>
  <tag name="im:aspect:Genomics" objectIdentifier="MRNA.UTRs" type="collection">
  </tag>
  <tag name="im:aspect:Genomics" objectIdentifier="org.intermine.model.bio.SnoRNA" type="class">
  </tag>
  <tag name="im:aspect:Genomics" objectIdentifier="org.intermine.model.bio.MRNA" type="class">
  </tag>
  <tag name="im:aspect:Genomics" objectIdentifier="Transcript.introns" type="collection">
  </tag>
  <tag name="im:aspect:Genomics" objectIdentifier="Chromosome.features" type="collection">
  </tag>
  <tag name="im:aspect:Genomics" objectIdentifier="org.intermine.model.bio.TFBindingSite" type="class">
  </tag>
  <tag name="im:aspect:Proteins" objectIdentifier="Gene_Protein" type="template">
  </tag>
  <tag name="im:aspect:Proteins" objectIdentifier="Protein_GOtermsSpecificOntology" type="template">
  </tag>
  <tag name="im:aspect:Proteins" objectIdentifier="org.intermine.model.bio.Protein" type="class">
  </tag>
  <tag name="im:aspect:Proteins" objectIdentifier="Gene.proteins" type="collection">
  </tag>
  <tag name="im:aspect:Proteins" objectIdentifier="Protein.sequence" type="reference">
  </tag>
  <tag name="im:aspect:Proteins" objectIdentifier="org.intermine.model.bio.ProteinDomain" type="class">
  </tag>
  <tag name="im:aspect:Proteins" objectIdentifier="CDS.polypeptides" type="collection">
  </tag>
  <tag name="im:aspect:Proteins" objectIdentifier="org.intermine.model.bio.ProteinInteraction" type="class">
  </tag>
  <tag name="im:aspect:Proteins" objectIdentifier="CDS.protein" type="reference">
  </tag>
  <tag name="im:aspect:Proteins" objectIdentifier="ProteinInteraction.protein" type="reference">
  </tag>
  <tag name="im:aspect:Proteins" objectIdentifier="Protein.proteinDomains" type="collection">
  </tag>
  <tag name="im:aspect:Proteins" objectIdentifier="Protein.features" type="collection">
  </tag>
  <tag name="im:aspect:Proteins" objectIdentifier="Protein.keywords" type="collection">
  </tag>
  <tag name="im:aspect:Proteins" objectIdentifier="Organism_Proteins" type="template">
  </tag>
  <tag name="im:aspect:Organisms" objectIdentifier="Organism_Proteins" type="template">
  </tag>
  <tag name="im:converter" objectIdentifier="Protein_To_Gene_Type_Converter" type="template">
  </tag>
  <tag name="im:converter" objectIdentifier="Gene_To_Protein_Type_Converter" type="template">
  </tag>
  <tag name="im:hidden" objectIdentifier="BioEntity.objects" type="collection">
  </tag>
  <tag name="im:hidden" objectIdentifier="BioEntity.subjects" type="collection">
  </tag>
  <tag name="im:hidden" objectIdentifier="BioEntity.relations" type="collection">
  </tag>
  <tag name="im:hidden" objectIdentifier="Evidence.relations" type="collection">
  </tag>
  <tag name="im:preferredBagType" objectIdentifier="org.intermine.model.bio.Gene" type="class">
  </tag>
  <tag name="im:preferredBagType" objectIdentifier="org.intermine.model.bio.Protein" type="class">
  </tag>
  <tag name="im:summary" objectIdentifier="Protein.comments" type="collection">
  </tag>
  <tag name="im:summary" objectIdentifier="RegulatoryRegion.gene" type="reference">
  </tag>
  <tag name="im:summary" objectIdentifier="BioEntity.synonyms" type="collection">
  </tag>
  <tag name="im:summary" objectIdentifier="Gene.proteins" type="collection">
  </tag>
  <tag name="im:summary" objectIdentifier="MicroarrayOligo.transcript" type="reference">
  </tag>
  <tag name="im:summary" objectIdentifier="BioEntity.organism" type="reference">
  </tag>
  <tag name="im:summary" objectIdentifier="Protein.genes" type="collection">
  </tag>
  <tag name="im:summary" objectIdentifier="BindingSite.factor" type="reference">
  </tag>
  <tag name="im:summary" objectIdentifier="Gene.publications" type="collection">
  </tag>
  <tag name="im:summary" objectIdentifier="Protein.publications" type="collection">
  </tag>
</tags>
</userprofile>
