<!-- this comment is here to prevent ant from setting model.struts.config to null -->

<!-- used by the fasta... buttons on object details pages -->
<action path="/sequenceExporter"
  type="org.intermine.bio.web.struts.SequenceExportAction" />

<action path="/initSequenceExportOptions"
        type="org.intermine.bio.web.struts.SequenceExportOptionsController"/>

<action path="/sequenceExportAction" name="sequenceExportForm"
        type="org.intermine.web.struts.TableExportAction" parameter="method"/>

<action path="/gff3ExportAction" name="gff3ExportForm"
        type="org.intermine.web.struts.TableExportAction" parameter="method"/>

<action path="/bedExportAction" name="bedExportForm"
        type="org.intermine.web.struts.TableExportAction" parameter="method"/>

<action path="/galaxyExportOptions" forward="galaxyExportOptions.page"/>

<action path="/initGalaxyExportOptions"
        type="org.intermine.bio.web.struts.GalaxyExportOptionsController"/>

<action path="/galaxyExportAction" name="galaxyExportForm"
        type="org.intermine.bio.web.struts.GalaxyExportAction" parameter="method"/>

<!-- Beginning of Genomic Region Search configuration -->

<action path="/initGenomicRegionSearchOptions"
        type="org.intermine.bio.web.struts.GenomicRegionSearchOptionsController"/>

<action path="/genomicRegionSearch" forward="genomicRegionSearchOptions.page"/>

<action path="/genomicRegionSearchResults" forward="genomicRegionSearchResults.page"/>

<action input="/genomicRegionSearchOptionsBase.jsp" path="/genomicRegionSearchAction" name="genomicRegionSearchForm" scope="request" type="org.intermine.bio.web.struts.GenomicRegionSearchAction" >
    <!-- Not use redirect="true". here it is doing a forward, not redirecting. Redirecting causes the browser to make a new request, and that's why the things I put in the request aren't there anymore. -->
    <forward name="genomicRegionSearchResults" path="/genomicRegionSearchResults.do" redirect="false"/>
    <forward name="genomicRegionSearchOptions" path="/genomicRegionSearch.do" redirect="true"/>
</action>

<action path="/genomicRegionSearchAjax" type="org.intermine.bio.web.struts.GenomicRegionSearchAjaxAction"/>

<!-- End of Genomic Region Search configuration -->

<action path="/initFriendlyMineLinkDisplayer" type="org.intermine.bio.web.FriendlyMineLinkController"/>

<!-- visualizations Actions  -->

<action path="/initVisualizations" type="org.phycomine.web.VisualizationsController" />

<action path="/visualizations" forward="visualizations.page" />