<aspects>
  <aspect name="Genomics">
    <subtitle>Genome annotation</subtitle>
    <icon-image>model/images/genomics.gif</icon-image>
    <large-image>model/images/genomics.gif</large-image>
    <intro-text>
      The gene structure and other genome annotation in Phycomine are provided by
      a variety of curated source databases.  In most cases Phycomine includes
      all genome features that have chromosomal locations.
    </intro-text>
    <tile-name>model/genomics.jsp</tile-name>
    <aspect-source name="Phytozome" url="https://phytozome.jgi.doe.gov"/>
  </aspect>
  <aspect name="Proteins">
    <subtitle>Protein and proteomics&lt;br/&gt;data</subtitle>
    <icon-image>model/images/proteins.png</icon-image>
    <large-image>model/images/proteins.png</large-image>
    <intro-text>
      Protein annotation in Phycomine are provided by UniProt.
    </intro-text>
    <tile-name>model/proteins.jsp</tile-name>
    <aspect-source name="UniProt" url="http://www.uniprot.org"/>
  </aspect>
</aspects>
